market_id,question,asset,snapshot_time,tte_days,strike,spot,vol_30d,market_prob,brain_prob,outcome,divergence,brier_brain,brier_market
516861,"Will Bitcoin reach $1,000,000 by December 31, 2025?",BTC,2025-12-22T07:24:11+00:00,9.19,1000000.0,88620.79,0.4069,0.003,9.2813837841648e-309,0,-0.003,0.0,9e-06
1303355,"Will Bitcoin reach $150,000 in February?",BTC,2026-02-12T13:11:35+00:00,16.66,150000.0,66272.17,0.7855,0.003,7.476841773146928e-07,0,-0.0029992523158226853,5.59031629006749e-13,9e-06
1303355,"Will Bitcoin reach $150,000 in February?",BTC,2026-02-14T15:28:27+00:00,14.56,150000.0,69822.95,0.804,0.004,1.3090748165477373e-06,0,-0.0039986909251834525,1.7136768753194919e-12,1.6e-05
1303355,"Will Bitcoin reach $150,000 in February?",BTC,2026-02-19T12:48:34+00:00,9.67,150000.0,67003.73,0.797,0.001,3.522965025034613e-10,0,-0.0009999996477034975,1.241128256761713e-19,1e-06
1303355,"Will Bitcoin reach $150,000 in February?",BTC,2026-02-24T08:34:26+00:00,4.85,150000.0,64058.15,0.8041,0.001,2.8597034964710136e-20,0,-0.001,8.17790408772854e-40,1e-06
512600,Will Bitcoin hit $100k in November?,BTC,2024-11-28T11:52:26+00:00,2.01,100.0,95643.98,0.6105,0.21,0.0,0,-0.21,0.0,0.04409999999999999
1082748,"Will Bitcoin reach $150,000 in January?",BTC,2026-01-21T13:22:34+00:00,10.65,150000.0,89454.73,0.3079,0.003,6.706894377216403e-23,0,-0.003,4.4982432187137e-45,9e-06
1082748,"Will Bitcoin reach $150,000 in January?",BTC,2026-01-22T01:47:52+00:00,10.13,150000.0,89559.67,0.3042,0.002,2.0128516555106943e-24,0,-0.002,4.051571787092143e-48,4e-06
1082748,"Will Bitcoin reach $150,000 in January?",BTC,2026-01-27T03:04:09+00:00,5.08,150000.0,89250.0,0.3296,0.003,8.877117181515115e-41,0,-0.003,7.880320945435086e-81,9e-06
1473040,"Will Bitcoin reach $150,000 in March?",BTC,2026-03-16T13:22:43+00:00,15.61,150000.0,74884.67,0.4984,0.005,1.1208151052233051e-11,0,-0.004999999988791849,1.2562265000967287e-22,2.5e-05
1473040,"Will Bitcoin reach $150,000 in March?",BTC,2026-03-16T16:29:45+00:00,15.48,150000.0,74884.67,0.4984,0.004,9.226457839538883e-12,0,-0.003999999990773542,8.512752426478852e-23,1.6e-05
1473040,"Will Bitcoin reach $150,000 in March?",BTC,2026-03-21T19:33:01+00:00,10.35,150000.0,68918.12,0.519,0.002,3.8767946277143657e-19,0,-0.0019999999999999996,1.5029536585474966e-37,4e-06
1473040,"Will Bitcoin reach $150,000 in March?",BTC,2026-03-27T00:13:27+00:00,5.16,150000.0,66407.28,0.5063,0.001,6.141086997689085e-42,0,-0.001,3.771294951318594e-83,1e-06
516863,"Will Bitcoin reach $200,000 by December 31, 2025?",BTC,2025-12-22T07:36:25+00:00,9.18,200000.0,88620.79,0.4069,0.004,1.2256640366071354e-36,0,-0.004,1.5022523306320973e-72,1.6e-05
516878,"Will Ethereum hit $5,000 by December 31?",ETH,2025-11-17T07:31:29+00:00,44.19,5000.0,3031.44,0.6604,0.1029999168,0.022785862014293425,0,-0.08021405478570656,0.00051919550773442,0.010608982860806922
516864,"Will Bitcoin reach $150,000 by December 31, 2025?",BTC,2025-12-22T08:49:37+00:00,9.13,150000.0,88620.79,0.4069,0.004,2.248954071238737e-16,0,-0.0039999999999997754,5.05779441454129e-32,1.6e-05
516862,"Will Bitcoin reach $250,000 by December 31, 2025?",BTC,2025-12-24T06:51:17+00:00,7.21,250000.0,87669.45,0.3969,0.002,6.598466069925461e-79,0,-0.002,4.3539754475957556e-157,4e-06
618949,Will Bitcoin reach $200k in October?,BTC,2025-10-26T11:54:13+00:00,5.67,200.0,114559.4,0.4432,0.003,0.0,0,-0.003,0.0,9e-06
618949,Will Bitcoin reach $200k in October?,BTC,2025-10-27T00:37:17+00:00,5.14,200.0,114107.65,0.4436,0.002,0.0,0,-0.002,0.0,4e-06
659233,"Will Bitcoin reach $200,000 in November?",BTC,2025-11-16T09:40:45+00:00,14.81,200000.0,94261.44,0.412,0.002,8.478680783319461e-20,0,-0.002,7.188802782543071e-39,4e-06
659233,"Will Bitcoin reach $200,000 in November?",BTC,2025-11-21T03:29:43+00:00,10.06,200000.0,85129.43,0.4388,0.001,6.248634160200204e-32,0,-0.001,3.9045428868020907e-63,1e-06
659233,"Will Bitcoin reach $200,000 in November?",BTC,2025-11-26T03:55:45+00:00,5.04,200000.0,90484.02,0.4522,0.001,1.6609575307413152e-50,0,-0.001,2.758779918926287e-100,1e-06
1082749,"Will Ethereum reach $6,000 in January?",ETH,2026-01-07T03:15:01+00:00,25.07,6000.0,3168.72,0.4762,0.004,2.268582668651795e-07,0,-0.003999773141733135,5.1464673245073e-14,1.6e-05
1082749,"Will Ethereum reach $6,000 in January?",ETH,2026-01-11T22:57:02+00:00,20.25,6000.0,3123.45,0.3874,0.003,6.098706118979809e-13,0,-0.0029999999993901294,3.7194216325681764e-25,9e-06
1082749,"Will Ethereum reach $6,000 in January?",ETH,2026-01-16T22:08:06+00:00,15.29,6000.0,3296.28,0.4078,0.002,5.250333049662411e-13,0,-0.001999999999474967,2.7565997132377388e-25,4e-06
1082749,"Will Ethereum reach $6,000 in January?",ETH,2026-01-22T01:54:52+00:00,10.13,6000.0,2952.69,0.4872,0.001,1.6847821621921922e-18,0,-0.0009999999999999983,2.838490934040998e-36,1e-06
1082749,"Will Ethereum reach $6,000 in January?",ETH,2026-01-27T03:15:11+00:00,5.07,6000.0,3026.77,0.5416,0.002,6.021602317405468e-27,0,-0.002,3.6259694468982904e-53,4e-06
516865,"Will Bitcoin reach $130,000 by December 31, 2025?",BTC,2025-11-06T01:53:05+00:00,55.42,130000.0,101346.04,0.4613,0.25,0.14614699305918594,0,-0.10385300694081406,0.021358943580241742,0.0625
1082781,"Will Bitcoin reach $100,000 in January?",BTC,2026-01-25T03:50:22+00:00,7.05,100000.0,86670.36,0.3213,0.0457599892,0.0012589222919352915,0,-0.044501066908064706,1.5848853371316072e-06,0.0020939766115841162
1082781,"Will Bitcoin reach $100,000 in January?",BTC,2026-01-27T03:22:23+00:00,5.07,100000.0,89250.0,0.3296,0.021,0.0032180623875672403,0,-0.017781937612432762,1.0355925530274967e-05,0.00044100000000000004
514368,"Will Bitcoin reach $110,000 in December?",BTC,2024-12-16T10:29:14+00:00,15.06,110000.0,106058.66,0.4259,0.6799996736,0.6609102256361634,0,-0.019089447963836603,0.4368023263504444,0.46239955609610656
514368,"Will Bitcoin reach $110,000 in December?",BTC,2024-12-17T02:02:50+00:00,14.41,110000.0,106133.74,0.4236,0.78,0.6587244371167231,0,-0.1212755628832769,0.43391788405474374,0.6084
514368,"Will Bitcoin reach $110,000 in December?",BTC,2024-12-21T21:14:34+00:00,9.61,110000.0,97291.99,0.4576,0.1684726119,0.09242855514510726,0,-0.07604405675489276,0.008543037806212133,0.028383020960408026
514368,"Will Bitcoin reach $110,000 in December?",BTC,2024-12-26T16:53:52+00:00,4.8,110000.0,95791.6,0.464,0.06,0.008683699941502436,0,-0.05131630005849756,7.540664467404942e-05,0.0036
1473072,"Will Bitcoin dip to $65,000 in March?",BTC,2026-03-27T08:41:51+00:00,4.8,65000.0,66407.28,0.5063,0.4412285402,0.71991632425697,1,0.27868778405697003,0.07844686541772675,0.312225544287023
516877,"Will Ethereum hit $6,000 by December 31?",ETH,2025-08-25T06:02:31+00:00,128.25,6000.0,4376.18,0.9076,0.54,0.46991900032714756,0,-0.07008099967285247,0.22082386686846572,0.2916
516877,"Will Ethereum hit $6,000 by December 31?",ETH,2025-08-31T16:27:22+00:00,121.81,6000.0,4391.83,0.8886,0.44,0.4591943496941523,0,0.01919434969415229,0.21085945079103544,0.1936
516877,"Will Ethereum hit $6,000 by December 31?",ETH,2025-10-31T13:02:44+00:00,60.96,6000.0,3847.99,0.7536,0.15,0.11856037679388182,0,-0.03143962320611818,0.01405656294550723,0.0225
516874,"Will Ethereum hit $10,000 by December 31?",ETH,2025-12-04T06:48:29+00:00,27.22,10000.0,3133.26,0.6914,0.005,4.416237527079133e-10,0,-0.004999999558376248,1.9503153895582014e-19,2.5e-05
687200,"Will Bitcoin reach $100,000 by December 31, 2025?",BTC,2025-12-09T21:45:34+00:00,22.3,100000.0,92678.8,0.4789,0.41,0.5009686180156362,0,0.09096861801563622,0.2509695562364964,0.16809999999999997
687200,"Will Bitcoin reach $100,000 by December 31, 2025?",BTC,2025-12-09T22:34:26+00:00,22.27,100000.0,92678.8,0.4789,0.4299999502,0.5006634771702365,0,0.07066352697023653,0.25066391737219196,0.18489995717200247
687200,"Will Bitcoin reach $100,000 by December 31, 2025?",BTC,2025-12-17T08:40:42+00:00,14.85,100000.0,86243.22,0.4452,0.1,0.09214396928930196,0,-0.007856030710698042,0.008490511076387824,0.010000000000000002
687200,"Will Bitcoin reach $100,000 by December 31, 2025?",BTC,2025-12-24T18:50:57+00:00,7.42,100000.0,87669.45,0.3969,0.029,0.018788115411514247,0,-0.010211884588485754,0.0003529932807163792,0.0008410000000000001
540408,Will Bitcoin dip to $90k in May?,BTC,2025-05-05T21:00:19+00:00,25.62,90.0,94733.68,0.5312,0.7,0.0,0,-0.7,0.0,0.48999999999999994
540408,Will Bitcoin dip to $90k in May?,BTC,2025-05-10T23:36:43+00:00,20.52,90.0,104809.53,0.3894,0.17,0.0,0,-0.17,0.0,0.028900000000000006
540408,Will Bitcoin dip to $90k in May?,BTC,2025-05-16T03:09:22+00:00,15.37,90.0,103463.9,0.36,0.11,0.0,0,-0.11,0.0,0.0121
540408,Will Bitcoin dip to $90k in May?,BTC,2025-05-21T05:58:01+00:00,10.25,90.0,109643.99,0.3723,0.034,0.0,0,-0.034,0.0,0.0011560000000000001
540408,Will Bitcoin dip to $90k in May?,BTC,2025-05-26T08:55:28+00:00,5.13,90.0,109434.79,0.3503,0.025,0.0,0,-0.025,0.0,0.0006250000000000001
574072,"Will Bitcoin reach $140,000 by December 31, 2025?",BTC,2025-10-14T05:09:07+00:00,79.09,140000.0,113028.14,0.4304,0.329999998,0.2557958712550451,0,-0.07420412674495491,0.06543152775112761,0.10889999868000001
574072,"Will Bitcoin reach $140,000 by December 31, 2025?",BTC,2025-10-20T09:23:25+00:00,72.91,140000.0,110532.09,0.4498,0.3099998295,0.21245083096401068,0,-0.0975489985359893,0.04513535557729864,0.09609989429002906
574072,"Will Bitcoin reach $140,000 by December 31, 2025?",BTC,2025-11-13T15:58:14+00:00,48.64,140000.0,99692.02,0.3824,0.1,0.01262915347877383,0,-0.08737084652122618,0.00015949551759042514,0.010000000000000002
574072,"Will Bitcoin reach $140,000 by December 31, 2025?",BTC,2025-12-07T23:21:21+00:00,24.33,140000.0,90395.31,0.4794,0.0140000003,0.00032836986438079406,0,-0.013671630435619206,1.0782676783346109e-07,0.00019600000840000012
1303357,"Will Ethereum reach $4,400 in February?",ETH,2026-02-04T22:31:13+00:00,24.27,4400.0,2148.26,0.7277,0.005,9.257209690336808e-05,0,-0.004907427903096632,8.56959312508657e-09,2.5e-05
1303357,"Will Ethereum reach $4,400 in February?",ETH,2026-02-09T20:01:59+00:00,19.37,4400.0,2105.02,1.0127,0.003,0.0010849792424211823,0,-0.0019150207575788177,1.1771799564848428e-06,9e-06
1303357,"Will Ethereum reach $4,400 in February?",ETH,2026-02-14T14:36:07+00:00,14.6,4400.0,2086.59,1.0023,0.003,0.00013563542140886828,0,-0.002864364578591132,1.8396967540761284e-08,9e-06
1303357,"Will Ethereum reach $4,400 in February?",ETH,2026-02-19T14:18:54+00:00,9.61,4400.0,1949.08,0.9899,0.002,2.657675404652258e-07,0,-0.0019997342324595347,7.063238556493543e-14,4e-06
1303357,"Will Ethereum reach $4,400 in February?",ETH,2026-02-24T06:57:22+00:00,4.92,4400.0,1851.94,0.9914,0.001,3.5703720152145496e-14,0,-0.0009999999999642964,1.2747556327027205e-27,1e-06
1823776,"Will Bitcoin reach $80,000 in April?",BTC,2026-04-23T06:30:24+00:00,7.9,80000.0,78257.48,0.4056,0.65,0.7041308553644885,0,0.05413085536448847,0.4958002614763262,0.42250000000000004
1823776,"Will Bitcoin reach $80,000 in April?",BTC,2026-04-26T07:56:22+00:00,4.84,80000.0,78657.55,0.3562,0.51,0.6740126276974641,0,0.16401262769746405,0.4542930222956403,0.2601
1473066,"Will Bitcoin reach $80,000 in March?",BTC,2026-03-20T09:24:43+00:00,11.77,80000.0,70510.73,0.5124,0.16,0.1595479403004811,0,-0.0004520596995188919,0.025455545254125883,0.0256
1473066,"Will Bitcoin reach $80,000 in March?",BTC,2026-03-21T20:22:01+00:00,10.32,80000.0,68918.12,0.519,0.1499999955,0.08117711826625347,0,-0.06882287723374654,0.006589724530013303,0.022499998650000023
1473066,"Will Bitcoin reach $80,000 in March?",BTC,2026-03-27T00:14:15+00:00,5.16,80000.0,66407.28,0.5063,0.019,0.0017967015935562037,0,-0.017203298406443794,3.2281366162874016e-06,0.000361
516871,"Will Bitcoin dip to $70,000 by December 31, 2025?",BTC,2025-11-19T08:52:45+00:00,42.13,70000.0,91554.96,0.4052,0.1399998824,0.05841712154433714,0,-0.08158276085566285,0.0034125600895258583,0.01959996707201383
1082793,"Will Bitcoin dip to $85,000 in January?",BTC,2026-01-24T01:00:24+00:00,8.17,85000.0,89225.34,0.304,0.3,0.2930191205765333,1,-0.0069808794234667015,0.4998219638703783,0.48999999999999994
1082793,"Will Bitcoin dip to $85,000 in January?",BTC,2026-01-27T03:24:15+00:00,5.07,85000.0,89250.0,0.3296,0.2899999759,0.2140827511031108,1,-0.07591722479688917,0.6176659221136549,0.5041000342220006
514371,"Will Bitcoin reach $90,000 in December?",BTC,2024-12-20T13:02:53+00:00,10.96,90000.0,97805.44,0.4802,0.62,0.3307668552625435,0,-0.2892331447374565,0.10940671254027241,0.3844
514371,"Will Bitcoin reach $90,000 in December?",BTC,2024-12-21T21:20:06+00:00,9.61,90000.0,97291.99,0.4576,0.32,0.30563817862961057,0,-0.014361821370389438,0.09341469623602573,0.1024
514371,"Will Bitcoin reach $90,000 in December?",BTC,2024-12-26T16:43:10+00:00,4.8,90000.0,95791.6,0.464,0.24,0.2488961324746985,0,0.008896132474698504,0.061949284760862665,0.0576
666217,"Will Bitcoin reach $120,000 by December 31, 2025?",BTC,2025-11-15T02:19:36+00:00,47.11,120000.0,95596.24,0.4128,0.2,0.11159987218014697,0,-0.08840012781985304,0.012454531470625141,0.04000000000000001
666217,"Will Bitcoin reach $120,000 by December 31, 2025?",BTC,2025-11-24T11:14:29+00:00,37.74,120000.0,88300.01,0.4424,0.07,0.026573827070787863,0,-0.043426172929212144,0.0007061682851881378,0.004900000000000001
666217,"Will Bitcoin reach $120,000 by December 31, 2025?",BTC,2025-12-03T21:58:07+00:00,28.29,120000.0,93429.95,0.513,0.06,0.07019695561717654,0,0.01019695561717654,0.004927612577919852,0.0036
666217,"Will Bitcoin reach $120,000 by December 31, 2025?",BTC,2025-12-13T08:13:16+00:00,18.87,120000.0,90240.01,0.4701,0.014,0.0066365007081806305,0,-0.00736349929181937,4.404314164968201e-05,0.00019600000000000002
666217,"Will Bitcoin reach $120,000 by December 31, 2025?",BTC,2025-12-22T18:45:51+00:00,9.43,120000.0,88620.79,0.4069,0.006,3.06058395022276e-06,0,-0.005996939416049778,9.367174116361154e-12,3.6e-05
800432,"Will Bitcoin reach $95,000 by December 31, 2025?",BTC,2025-12-17T07:12:03+00:00,14.91,95000.0,86243.22,0.4452,0.25,0.2689772493770981,0,0.018977249377098104,0.07234876068246962,0.0625
800432,"Will Bitcoin reach $95,000 by December 31, 2025?",BTC,2025-12-17T12:22:10+00:00,14.69,95000.0,86243.22,0.4452,0.269999937,0.2656461290311352,0,-0.004353807968864809,0.07056786586922655,0.07289996598000398
800432,"Will Bitcoin reach $95,000 by December 31, 2025?",BTC,2025-12-22T09:50:29+00:00,9.8,95000.0,88620.79,0.4069,0.36,0.2869051334444719,0,-0.0730948665555281,0.08231455559679021,0.1296
800432,"Will Bitcoin reach $95,000 by December 31, 2025?",BTC,2025-12-27T07:23:43+00:00,4.9,95000.0,87877.01,0.3738,0.08,0.0692096820823346,0,-0.010790317917665396,0.004789980093937828,0.0064
1823769,"Will Bitcoin reach $150,000 in April?",BTC,2026-04-08T22:28:01+00:00,22.23,150000.0,71069.93,0.402,0.004,3.5252924752290183e-14,0,-0.003999999999964747,1.2427687035906339e-27,1.6e-05
1823769,"Will Bitcoin reach $150,000 in April?",BTC,2026-04-11T19:46:33+00:00,19.34,150000.0,73043.16,0.3998,0.004,3.705416159067539e-15,0,-0.003999999999996295,1.3730108911878832e-29,1.6e-05
1823769,"Will Bitcoin reach $150,000 in April?",BTC,2026-04-16T16:01:14+00:00,14.5,150000.0,75154.29,0.4337,0.002,9.110961094362548e-16,0,-0.001999999999999089,8.300961206298801e-31,4e-06
1823769,"Will Bitcoin reach $150,000 in April?",BTC,2026-04-21T12:08:50+00:00,9.66,150000.0,76336.15,0.425,0.001,1.0850867000316371e-22,0,-0.001,1.177413146585548e-44,1e-06
1823769,"Will Bitcoin reach $150,000 in April?",BTC,2026-04-25T23:13:54+00:00,5.2,150000.0,77625.0,0.383,0.001,3.057758432400293e-47,0,-0.001,9.349886630915097e-94,1e-06
620015,"Will Bitcoin dip to $80,000 by December 31, 2025?",BTC,2025-12-16T01:11:13+00:00,16.16,80000.0,87863.42,0.4469,0.411,0.3338130633840266,0,-0.07718693661597337,0.11143116128582817,0.168921
620015,"Will Bitcoin dip to $80,000 by December 31, 2025?",BTC,2025-12-17T02:56:37+00:00,15.09,80000.0,86243.22,0.4452,0.3,0.42175306357529996,0,0.12175306357529997,0.177875646635151,0.09
517082,"Will Bitcoin reach $110,000 by January 31, 2025?",BTC,2025-01-27T10:49:33+00:00,4.05,110000.0,102082.83,0.4252,0.11,0.09178392343148081,0,-0.018216076568519188,0.008424288600475933,0.0121
512662,"Will Bitcoin reach $105,000 in November?",BTC,2024-11-24T18:48:57+00:00,5.72,105000.0,97900.04,0.5637,0.27,0.3098100280001454,0,0.03981002800014538,0.09598225344945088,0.0729
512662,"Will Bitcoin reach $105,000 in November?",BTC,2024-11-27T08:51:26+00:00,3.13,105000.0,95863.11,0.6177,0.08,0.10651645324666599,0,0.02651645324666599,0.011345754812249182,0.0064
1303353,"Will Ethereum reach $5,000 in February?",ETH,2026-02-04T20:31:01+00:00,24.35,5000.0,2148.26,0.7277,0.002,4.555278089870511e-06,0,-0.0019954447219101296,2.075055847605433e-11,4e-06
1303353,"Will Ethereum reach $5,000 in February?",ETH,2026-02-09T17:15:03+00:00,19.49,5000.0,2105.02,1.0127,0.003,0.0001407933573338118,0,-0.002859206642666188,1.9822769469326415e-08,9e-06
1303353,"Will Ethereum reach $5,000 in February?",ETH,2026-02-14T19:21:07+00:00,14.4,5000.0,2086.59,1.0023,0.002,7.312938336030125e-06,0,-0.00199268706166397,5.347906710657905e-11,4e-06
1303353,"Will Ethereum reach $5,000 in February?",ETH,2026-02-19T15:03:32+00:00,9.58,5000.0,1949.08,0.9899,0.002,2.6486224439254915e-09,0,-0.0019999973513775563,7.015200850465843e-18,4e-06
1303353,"Will Ethereum reach $5,000 in February?",ETH,2026-02-24T09:02:58+00:00,4.83,5000.0,1851.94,0.9914,0.001,1.888097008350041e-18,0,-0.000999999999999998,3.5649103129403744e-36,1e-06
1345641,"Will Bitcoin reach $75,000 in February?",BTC,2026-02-22T02:39:54+00:00,7.1,75000.0,67643.4,0.7974,0.18,0.3351470985447036,0,0.1551470985447036,0.11232357766293326,0.0324
1345641,"Will Bitcoin reach $75,000 in February?",BTC,2026-02-25T10:57:20+00:00,3.75,75000.0,67988.04,0.8344,0.0229235881,0.23400784334659314,0,0.21108425524659313,0.05475967074772367,0.0005254908913784616
512649,"Will Bitcoin reach $95,000 in November?",BTC,2024-11-19T18:08:07+00:00,10.74,95000.0,92310.79,0.5794,0.78,0.7614784170682882,1,-0.0185215829317118,0.05689254552424946,0.04839999999999999
512649,"Will Bitcoin reach $95,000 in November?",BTC,2024-11-21T02:30:17+00:00,9.4,95000.0,98317.12,0.576,0.907,0.7224367067324209,1,-0.18456329326757914,0.07704138176954413,0.008648999999999995
512649,"Will Bitcoin reach $95,000 in November?",BTC,2024-11-21T05:37:17+00:00,9.27,95000.0,98317.12,0.576,0.999,0.7204748335222153,1,-0.2785251664777847,0.07813431869443324,1.0000000000000019e-06
574073,"Will Bitcoin reach $170,000 by December 31, 2025?",BTC,2025-09-01T19:23:50+00:00,121.5,170000.0,109237.42,0.3591,0.1492214523,0.026180613468225596,0,-0.12304083883177441,0.0006854245215726355,0.022267041826521176
574073,"Will Bitcoin reach $170,000 by December 31, 2025?",BTC,2025-09-26T03:40:21+00:00,97.15,170000.0,109643.46,0.2649,0.08,0.0010664538395271784,0,-0.07893354616047282,1.1373237918422609e-06,0.0064
574073,"Will Bitcoin reach $170,000 by December 31, 2025?",BTC,2025-10-20T11:11:09+00:00,72.84,170000.0,110532.09,0.4498,0.1,0.025842622883086534,0,-0.07415737711691348,0.0006678411574774278,0.010000000000000002
574073,"Will Bitcoin reach $170,000 by December 31, 2025?",BTC,2025-11-13T16:17:24+00:00,48.63,170000.0,99692.02,0.3824,0.036,0.00010040701761309275,0,-0.0358995929823869,1.0081569185955918e-08,0.0012959999999999998
574073,"Will Bitcoin reach $170,000 by December 31, 2025?",BTC,2025-12-08T01:03:19+00:00,24.26,170000.0,90634.34,0.4796,0.003,2.661113947803158e-07,0,-0.00299973388860522,7.081527443192507e-14,9e-06
516876,"Will Ethereum hit $7,000 by December 31?",ETH,2025-03-01T19:49:31+00:00,304.67,7000.0,2217.39,0.6962,0.1299999998,0.03839432551232917,0,-0.09160567428767082,0.0014741242315466907,0.016899999947999997
516876,"Will Ethereum hit $7,000 by December 31?",ETH,2025-05-01T18:49:00+00:00,243.72,7000.0,1838.11,0.92,0.09,0.03668987989896628,0,-0.05331012010103372,0.0013461472870005698,0.0081
516876,"Will Ethereum hit $7,000 by December 31?",ETH,2025-07-01T14:15:35+00:00,182.91,7000.0,2405.01,0.6346,0.08,0.009991226899016404,0,-0.07000877310098359,9.982461494762894e-05,0.0064
516876,"Will Ethereum hit $7,000 by December 31?",ETH,2025-08-31T13:15:02+00:00,121.95,7000.0,4391.83,0.8886,0.26,0.28375907175495196,0,0.023759071754951955,0.08051921080323197,0.06760000000000001
516876,"Will Ethereum hit $7,000 by December 31?",ETH,2025-10-31T11:50:32+00:00,61.01,7000.0,3847.99,0.7536,0.0899999599,0.03830306605847128,0,-0.051696893841528715,0.0014671248694796146,0.008099992782001608
1303384,"Will Bitcoin reach $85,000 in February?",BTC,2026-02-06T20:08:55+00:00,22.37,85000.0,70580.26,0.8052,0.16,0.31908275414402965,0,0.15908275414402964,0.10181380399213927,0.0256
1303384,"Will Bitcoin reach $85,000 in February?",BTC,2026-02-09T19:00:39+00:00,19.42,85000.0,70138.0,0.8098,0.1399999426,0.2750500498142774,0,0.13505010721427738,0.07565252990283647,0.019599983928003297
1303384,"Will Bitcoin reach $85,000 in February?",BTC,2026-02-14T15:27:59+00:00,14.56,85000.0,69822.95,0.804,0.0486666667,0.19965082494414443,0,0.15098415824414443,0.039860451900877406,0.002368444447688889
1303384,"Will Bitcoin reach $85,000 in February?",BTC,2026-02-19T12:09:46+00:00,9.7,85000.0,67003.73,0.797,0.026,0.05950721569643628,0,0.03350721569643628,0.003541108719942192,0.000676
1303384,"Will Bitcoin reach $85,000 in February?",BTC,2026-02-24T08:06:28+00:00,4.87,85000.0,64058.15,0.8041,0.002,0.00201677989171191,0,1.6779891711909793e-05,4.067401131613503e-06,4e-06
1473074,"Will Bitcoin dip to $60,000 in March?",BTC,2026-03-26T03:19:49+00:00,6.03,60000.0,68820.31,0.532,0.041,0.04800004857662967,0,0.007000048576629669,0.002304004663358808,0.0016810000000000002
1473074,"Will Bitcoin dip to $60,000 in March?",BTC,2026-03-27T00:11:49+00:00,5.16,60000.0,66407.28,0.5063,0.05,0.09661231324647915,0,0.046612313246479145,0.00933393907083581,0.0025000000000000005
1303400,"Will Bitcoin dip to $55,000 in February?",BTC,2026-02-15T12:11:55+00:00,13.7,55000.0,68832.58,0.8033,0.060999945,0.16686291577255877,0,0.10586297077255877,0.02784323266012004,0.003720993290003025
1303400,"Will Bitcoin dip to $55,000 in February?",BTC,2026-02-19T12:05:38+00:00,9.7,55000.0,67003.73,0.797,0.089,0.1419158241566304,0,0.0529158241566304,0.02014010114605564,0.007921
1303400,"Will Bitcoin dip to $55,000 in February?",BTC,2026-02-24T08:31:22+00:00,4.85,55000.0,64058.15,0.8041,0.0957394599,0.1079770907945792,0,0.012237630894579202,0.0116590521364608,0.009166044181943708
1345690,"Will Bitcoin dip to $60,000 in February?",BTC,2026-02-24T13:40:50+00:00,4.64,60000.0,64058.15,0.8041,0.46,0.4857264878575306,0,0.025726487857530567,0.2359302210064118,0.2116
1345690,"Will Bitcoin dip to $60,000 in February?",BTC,2026-02-25T10:55:22+00:00,3.75,60000.0,67988.04,0.8344,0.1,0.14852049596388756,0,0.04852049596388755,0.02205833772135914,0.010000000000000002
1082757,"Will Bitcoin reach $125,000 in January?",BTC,2026-01-06T21:34:37+00:00,25.31,125000.0,93747.97,0.2611,0.0129999958,2.48057371796008e-05,0,-0.0129751900628204,6.153245970234295e-10,0.00016899989080001765
1082757,"Will Bitcoin reach $125,000 in January?",BTC,2026-01-11T21:55:40+00:00,20.29,125000.0,91013.65,0.2509,0.012,6.986670268323379e-08,0,-0.011999930133297317,4.8813561438273875e-15,0.000144
1082757,"Will Bitcoin reach $125,000 in January?",BTC,2026-01-17T00:09:26+00:00,15.2,125000.0,95147.77,0.2614,0.01,2.7241600342125146e-07,0,-0.009999727583996578,7.421047892000728e-14,0.0001
1082757,"Will Bitcoin reach $125,000 in January?",BTC,2026-01-22T01:29:40+00:00,10.15,125000.0,89559.67,0.3042,0.004,4.178106393294511e-11,0,-0.003999999958218936,1.7456573033688467e-21,1.6e-05
1082757,"Will Bitcoin reach $125,000 in January?",BTC,2026-01-27T06:48:57+00:00,4.92,125000.0,89250.0,0.3296,0.002,1.1598700349937795e-18,0,-0.0019999999999999987,1.3452984980764713e-36,4e-06
515506,"Will Bitcoin reach $110,000 by March 31?",BTC,2025-03-03T14:53:05+00:00,27.88,110000.0,86220.61,0.593,0.2077603448,0.12125196952640283,0,-0.08650837527359717,0.01470204011403172,0.043164360871414884
515506,"Will Bitcoin reach $110,000 by March 31?",BTC,2025-03-13T09:43:26+00:00,18.09,110000.0,81115.78,0.6701,0.029,0.03530847545489953,0,0.006308475454899525,0.0012466884389492423,0.0008410000000000001
1082777,"Will Bitcoin reach $105,000 in January?",BTC,2026-01-12T20:37:03+00:00,19.35,105000.0,91296.2,0.2511,0.1,0.014508301525477925,0,-0.08549169847452208,0.00021049081315418507,0.010000000000000002
1082777,"Will Bitcoin reach $105,000 in January?",BTC,2026-01-17T00:09:54+00:00,15.2,105000.0,95147.77,0.2614,0.1699999966,0.0615930367923693,0,-0.10840695980763071,0.003793702181306158,0.028899998844000015
1082777,"Will Bitcoin reach $105,000 in January?",BTC,2026-01-22T01:26:32+00:00,10.15,105000.0,89559.67,0.3042,0.03,0.001585245516947492,0,-0.028414754483052508,2.5130033490021215e-06,0.0009
1082777,"Will Bitcoin reach $105,000 in January?",BTC,2026-01-27T03:27:29+00:00,5.06,105000.0,89250.0,0.3296,0.009548657,2.6149381244892152e-05,0,-0.009522507618755107,6.837901394907174e-10,9.1176850503649e-05
1823779,"Will Bitcoin dip to $65,000 in April?",BTC,2026-04-16T22:57:00+00:00,14.21,65000.0,75154.29,0.4337,0.1598401598,0.0965129850975348,0,-0.0633271747024652,0.009314756292436973,0.025548876684889532
1823779,"Will Bitcoin dip to $65,000 in April?",BTC,2026-04-21T11:49:48+00:00,9.67,65000.0,76336.15,0.425,0.07,0.021831493566839145,0,-0.04816850643316086,0.000476614111358939,0.004900000000000001
1823779,"Will Bitcoin dip to $65,000 in April?",BTC,2026-04-26T08:09:38+00:00,4.83,65000.0,78657.55,0.3562,0.027,3.5435061999605546e-06,0,-0.026996456493800038,1.255643618915889e-11,0.0007289999999999999
1082796,"Will Bitcoin dip to $80,000 in January?",BTC,2026-01-29T12:15:20+00:00,2.7,80000.0,84650.16,0.3748,0.021,0.08182710492829967,1,0.060827104928299666,0.8430414652443475,0.958441
2132768,"Will Bitcoin reach $150,000 in May?",BTC,2026-05-07T13:33:57+00:00,24.6,150000.0,80006.0,0.3381,0.003,5.821828029625605e-13,0,-0.0029999999994178173,3.389368160653436e-25,9e-06
2132768,"Will Bitcoin reach $150,000 in May?",BTC,2026-05-11T19:08:59+00:00,20.37,150000.0,81745.65,0.3357,0.004,1.435995723743493e-14,0,-0.00399999999998564,2.062083718609598e-28,1.6e-05
2132768,"Will Bitcoin reach $150,000 in May?",BTC,2026-05-16T20:54:39+00:00,15.3,150000.0,78148.05,0.3035,0.003,6.683614296567905e-26,0,-0.003,4.4670700065286895e-51,9e-06
2132768,"Will Bitcoin reach $150,000 in May?",BTC,2026-05-21T23:18:04+00:00,10.2,150000.0,77615.52,0.2554,0.002,6.661758406172915e-54,0,-0.002,4.4379025062215503e-107,4e-06
2132768,"Will Bitcoin reach $150,000 in May?",BTC,2026-05-26T23:48:52+00:00,5.17,150000.0,75930.01,0.2663,0.001,2.0106032070702664e-102,0,-0.001,4.042525256281241e-204,1e-06
1473075,"Will Bitcoin dip to $55,000 in March?",BTC,2026-03-21T22:01:45+00:00,10.25,55000.0,68918.12,0.519,0.032,0.010619613926822067,0,-0.021380386073177934,0.0001127761999547532,0.001024
1473075,"Will Bitcoin dip to $55,000 in March?",BTC,2026-03-26T23:55:41+00:00,5.17,55000.0,68820.31,0.532,0.0170000004,0.0004463392872732985,0,-0.0165536611127267,1.9921875936363607e-07,0.00028900001360000017
576410,"Will Ethereum hit $17,000 by December 31?",ETH,2025-11-05T08:11:45+00:00,56.83,17000.0,3424.29,0.8446,0.006,6.7597145169891e-07,0,-0.005999324028548301,4.569374035119319e-13,3.6e-05
576410,"Will Ethereum hit $17,000 by December 31?",ETH,2025-11-15T22:15:29+00:00,46.24,17000.0,3167.88,0.6619,0.008,4.2570705508169834e-13,0,-0.007999999999574294,1.8122649674633215e-25,6.4e-05
576410,"Will Ethereum hit $17,000 by December 31?",ETH,2025-12-09T03:20:23+00:00,23.03,17000.0,3318.04,0.6777,0.001,3.581866522836371e-22,0,-0.001,1.2829767787415915e-43,1e-06
1473042,"Will Ethereum reach $4,000 in March?",ETH,2026-03-14T22:57:59+00:00,17.21,4000.0,2096.16,0.674,0.002,7.294626566164985e-06,0,-0.001992705373433835,5.3211576739799955e-11,4e-06
1473042,"Will Ethereum reach $4,000 in March?",ETH,2026-03-16T15:50:11+00:00,15.51,4000.0,2352.97,0.7125,0.003,0.00023166595862545716,0,-0.002768334041374543,5.366911638585203e-08,9e-06
1473042,"Will Ethereum reach $4,000 in March?",ETH,2026-03-21T18:23:09+00:00,10.4,4000.0,2084.87,0.7192,0.002,5.7694453864700065e-08,0,-0.0019999423055461355,3.328650006746004e-15,4e-06
1473042,"Will Ethereum reach $4,000 in March?",ETH,2026-03-26T22:53:59+00:00,5.21,4000.0,2060.43,0.7351,0.002,3.094010731540222e-14,0,-0.00199999999996906,9.57290240688606e-28,4e-06
511582,"Will Bitcoin reach $90,000 in November?",BTC,2024-11-07T18:02:14+00:00,22.75,90000.0,75857.89,0.4651,0.19,0.1292758122593094,1,-0.060724187740690605,0.7581606111166854,0.6561000000000001
511582,"Will Bitcoin reach $90,000 in November?",BTC,2024-11-11T05:39:31+00:00,19.26,90000.0,88647.99,0.5558,0.36,0.8986443912335279,1,0.5386443912335279,0.010272959428422155,0.4096
511582,"Will Bitcoin reach $90,000 in November?",BTC,2024-11-13T16:45:33+00:00,16.8,90000.0,90375.2,0.5424,0.999,0.9734606297014649,1,-0.025539370298535147,0.0007043381758427696,1.0000000000000019e-06
515502,"Will Bitcoin reach $200,000 by March 31?",BTC,2025-03-18T13:37:09+00:00,12.93,200000.0,82715.03,0.6835,0.003,4.328323384169297e-12,0,-0.0029999999956716768,1.8734383317946757e-23,9e-06
514370,"Will Bitcoin reach $130,000 in December?",BTC,2024-12-23T12:15:47+00:00,7.99,130000.0,94881.47,0.4614,0.019,3.3805709892617382e-06,0,-0.01899661942901074,1.1428260213438087e-11,0.000361
514370,"Will Bitcoin reach $130,000 in December?",BTC,2024-12-26T16:27:35+00:00,4.81,130000.0,95791.6,0.464,0.008,8.582120102798687e-09,0,-0.007999991417879897,7.365278545886135e-17,6.4e-05
687778,"Will Bitcoin reach $110,000 by December 31, 2025?",BTC,2025-11-25T04:54:31+00:00,37.0,110000.0,87369.96,0.4255,0.19,0.07927519927116256,0,-0.11072480072883745,0.0062845572194825325,0.0361
687778,"Will Bitcoin reach $110,000 by December 31, 2025?",BTC,2025-12-02T14:41:20+00:00,29.6,110000.0,91277.88,0.5147,0.08,0.18465323175035103,0,0.10465323175035103,0.03409681599584884,0.0064
687778,"Will Bitcoin reach $110,000 by December 31, 2025?",BTC,2025-12-10T00:15:44+00:00,22.2,110000.0,92015.37,0.4754,0.149999976,0.11677020702210832,0,-0.03322976897789169,0.013635281247986034,0.02249999280000058
687778,"Will Bitcoin reach $110,000 by December 31, 2025?",BTC,2025-12-17T09:25:49+00:00,14.82,110000.0,86243.22,0.4452,0.022,0.0059049824810307235,0,-0.016095017518969273,3.486881810127976e-05,0.00048399999999999995
687778,"Will Bitcoin reach $110,000 by December 31, 2025?",BTC,2025-12-24T19:36:33+00:00,7.39,110000.0,87669.45,0.3969,0.006,5.249741721384111e-05,0,-0.005947502582786159,2.7559788141241005e-09,3.6e-05
618952,Will Bitcoin reach $130k in October?,BTC,2025-10-07T01:36:22+00:00,25.1,130.0,121332.95,0.2943,0.6099999073,0.0,0,-0.6099999073,0.0,0.3720998869060086
618952,Will Bitcoin reach $130k in October?,BTC,2025-10-11T14:26:20+00:00,20.57,130.0,110644.4,0.4031,0.1899998784,0.0,0,-0.1899998784,0.0,0.036099953792014784
618952,Will Bitcoin reach $130k in October?,BTC,2025-10-16T18:02:55+00:00,15.41,130.0,108194.28,0.4395,0.0668074903,0.0,0,-0.0668074903,0.0,0.0044632407601845935
618952,Will Bitcoin reach $130k in October?,BTC,2025-10-21T21:20:51+00:00,10.28,130.0,108297.67,0.4546,0.067,0.0,0,-0.067,0.0,0.004489000000000001
618952,Will Bitcoin reach $130k in October?,BTC,2025-10-27T00:46:43+00:00,5.13,130.0,114107.65,0.4436,0.059,0.0,0,-0.059,0.0,0.0034809999999999997
